<?xml version="1.0" encoding="UTF-8"?>
<project-private xmlns="http://www.netbeans.org/ns/project-private/1">
    <editor-bookmarks xmlns="http://www.netbeans.org/ns/editor-bookmarks/2" lastBookmarkId="0"/>
    <open-files xmlns="http://www.netbeans.org/ns/projectui-open-files/2">
        <group>
            <file>file:/C:/Users/ngxie/Downloads/RecipeSystem-MY_search_recipe/RecipeSystem-MY_search_recipe/src/adt/ListInterface.java</file>
            <file>file:/C:/Users/ngxie/Downloads/RecipeSystem-MY_search_recipe/RecipeSystem-MY_search_recipe/src/boundary/RecipeBoundary.java</file>
            <file>file:/C:/Users/ngxie/Downloads/RecipeSystem-MY_search_recipe/RecipeSystem-MY_search_recipe/src/adt/ArrayList.java</file>
            <file>file:/C:/Users/ngxie/Downloads/RecipeSystem-MY_search_recipe/RecipeSystem-MY_search_recipe/src/control/RecipeControl.java</file>
            <file>file:/C:/Users/ngxie/Downloads/RecipeSystem-MY_search_recipe/RecipeSystem-MY_search_recipe/src/receipeSystem/ReceipeSystem.java</file>
        </group>
    </open-files>
</project-private>
